emp_id,firstname,lastname,email,reg_date
4135,Steven,Martin,williampierce@sanchez-keller.com,2020-08-06
7577,Michelle,Baker,sean44@hotmail.com,2023-10-23
5359,Susan,Koch,combsrichard@alvarez.org,2022-07-30
4274,Jason,Gardner,xjones@heath-rodriguez.info,2021-12-13
2236,Vincent,Hull,hughesjames@maldonado.com,2021-03-13
2238,Cynthia,Clark,tiffany10@hotmail.com,2021-09-15
9236,Elizabeth,Davis,lpitts@vega.info,2021-02-20
6286,Kelly,Chavez,madison09@hotmail.com,2021-10-19
2318,Christopher,Turner,ycampbell@davis.com,2023-03-22
9873,Alicia,Cole,cordovadawn@hotmail.com,2023-06-24
1700,Mary,Simmons,fisherjessica@hotmail.com,2020-05-22
9881,Scott,Espinoza,fjones@webb.com,2020-05-15
7563,David,Mccoy,parkskimberly@gmail.com,2024-05-24
9273,Matthew,Buckley,mooretammy@yahoo.com,2020-11-29
1551,Donna,Gonzalez,emejia@stokes.info,2020-09-24
9970,Jonathan,Thompson,udillon@gmail.com,2024-01-27
2940,Lisa,Nelson,markbrown@yahoo.com,2022-04-16
5811,James,Hansen,dalton94@hotmail.com,2024-11-08
4945,Sharon,Mills,juanbennett@gmail.com,2024-03-22
6085,Chad,Powell,krystaljordan@yahoo.com,2020-12-11
6062,Edward,Rivera,murrayeugene@weiss.net,2021-03-21
4892,Michael,Roman,schmidtmary@yahoo.com,2021-10-09
3553,Amy,Hayes,ylamb@potter.com,2024-01-14
5820,Alexander,Kim,kimberlywilliams@williams.com,2024-06-06
7742,Mike,Jenkins,cmoore@gmail.com,2023-06-06
2479,Jessica,Brown,clarkalbert@gmail.com,2024-12-18
6275,Jack,Castaneda,james11@barnett.com,2022-01-17
6234,Suzanne,Mendoza,jcooley@bailey-hicks.net,2021-11-17
5180,Lori,Cook,hoffmanpaul@yahoo.com,2020-04-28
1558,Daniel,James,garythompson@gmail.com,2021-12-07
2520,Daniel,Stewart,nmeza@hotmail.com,2022-02-10
9634,Clayton,Kline,samanthapena@morrow.com,2021-07-08
6624,Diane,Mendoza,steven05@hotmail.com,2024-01-28
1512,Jacqueline,Morris,clarkryan@hotmail.com,2022-05-08
9640,Kelly,Lopez,farmercarol@hotmail.com,2024-12-15
6517,Tina,Berg,egregory@wolf-burke.biz,2021-06-27
8175,Noah,Carlson,miguelbass@williams.biz,2022-03-11
9285,Henry,Ross,arthursanchez@chang.com,2023-05-06
4489,Stephanie,Gallegos,qortiz@gmail.com,2021-10-03
9032,Travis,Johnson,icameron@yahoo.com,2022-04-17
1669,Joseph,Powers,dbarajas@rich-valdez.org,2021-11-15
4333,Jesse,Lewis,ellischarles@yahoo.com,2022-03-16
1138,Melissa,Hayes,dboyd@gmail.com,2023-08-12
3702,Kristine,Villanueva,charlesmarks@white.org,2024-08-21
4906,Matthew,Newton,edgarstewart@monroe.net,2020-04-27
6725,Annette,Ruiz,dlewis@yahoo.com,2022-11-14
2490,Jeffrey,Barnes,anthonyhughes@johnson.info,2024-05-01
6332,Joseph,Martin,kathy95@rodriguez-henry.org,2022-12-10
2847,Hannah,Bernard,jesusblack@kelly.org,2021-06-24
5819,Kyle,Best,angelajohnson@church.org,2024-06-07
9220,Gabriella,Kennedy,griffincaroline@gonzales.com,2021-05-12
1904,Amanda,Meyer,sally42@yahoo.com,2023-01-12
1198,John,Smith,shawn66@hotmail.com,2024-04-29
6527,Christian,Kidd,sethlee@osborne.com,2023-04-14
5122,Kathleen,Patterson,luisnichols@short.com,2024-08-20
8673,Michaela,Morgan,ybradley@howard-clark.com,2020-10-29
3085,Alexis,Payne,cochranwilliam@todd-flores.net,2023-05-16
1679,Blake,Nunez,uvaldez@wiley-kim.com,2023-10-29
8734,Melinda,Evans,thomasstephen@gmail.com,2025-02-11
9554,Carla,Mcdaniel,stewartkyle@hotmail.com,2023-09-22
3265,Olivia,Johnson,flemingkenneth@wise.org,2024-11-13
3571,Raymond,Johnson,gibsonelizabeth@gmail.com,2023-07-04
3899,Anita,Miller,maldonadomelissa@mahoney-acosta.com,2024-07-14
3599,Corey,Ramirez,frankedwards@coleman.com,2024-01-21
6282,Tammy,Doyle,ataylor@delgado-jackson.net,2023-04-11
6603,Jennifer,Keller,ypaul@hughes-davis.com,2024-04-20
1966,Jeremy,Collins,tchang@buck-roberts.com,2024-06-22
1621,Shelly,Barber,danieljones@matthews.net,2023-07-25
9387,Donald,Hunt,curtismarshall@elliott-pena.net,2023-03-27
3070,Michael,Cohen,muellerashley@white.org,2024-10-28
5318,Eileen,Howard,jacoballen@villarreal.com,2022-08-29
2864,Calvin,Zhang,schmidtdavid@hotmail.com,2020-05-11
1061,Sandra,Myers,michellesmith@gmail.com,2023-09-25
3781,Denise,Cunningham,kbrown@jones-long.info,2020-05-23
4040,Luis,Gonzales,sarahgilbert@gmail.com,2020-12-30
7223,Hannah,Richards,wchan@cruz.com,2024-07-06
9836,Kevin,Smith,melissa55@williams.biz,2021-09-22
4912,Susan,Giles,hnicholson@gmail.com,2021-01-24
4789,Michelle,Mercer,craigjessica@hotmail.com,2024-07-30
5742,Edward,Reyes,douglas43@montoya-woods.com,2022-05-01
4636,Jonathan,Miles,hollygraham@yahoo.com,2023-02-18
3254,Casey,Vega,codyashley@ortiz.com,2022-02-01
4199,Connie,Howard,amanda94@carter.com,2022-12-25
7227,Leah,Jones,wilsonluis@johnston.com,2020-04-18
7986,Matthew,Patterson,jordandestiny@flores.org,2023-12-30
7149,James,Mullins,richardpetersen@gmail.com,2021-12-12
5433,Diana,Johnson,fpage@gmail.com,2023-04-13
3404,Timothy,Cole,obrewer@gmail.com,2021-09-04
9186,Jacob,Holland,anthony31@yahoo.com,2023-07-17
9144,Janet,Robinson,tmoore@gmail.com,2021-06-21
9659,Aaron,Burton,tylerhicks@gmail.com,2021-05-10
1486,Krista,Brown,adam33@hotmail.com,2024-01-31
1164,Barbara,Daniels,mjohnson@glenn-morrison.org,2023-12-29
9640,Veronica,Williams,zacharywilliams@gmail.com,2024-12-13
3145,Lisa,Case,mking@gmail.com,2023-11-11
8480,Donna,Rasmussen,mrodriguez@brown-carr.org,2023-08-28
2824,Christopher,Howard,qlee@powell.biz,2020-12-21
4392,David,Padilla,acrawford@hotmail.com,2021-09-01
8066,Logan,Rivera,whiteapril@carter.com,2024-02-06
5077,Adam,Graves,james46@smith.com,2021-12-27
